,PC1,PC2,PC3
col_0,0.49415398968422275,-0.2083440975345753,0.8352642690811033
col_1,0.14610069804524584,0.7844061695901468,0.07943513045987305
col_2,0.43599591491972367,0.49576741479054454,-0.09444765473248641
col_3,0.5232569537636246,-0.22863047955107574,-0.2753357896960218
col_4,0.5201693407162542,-0.2079482444830021,-0.4596667317451141
