accuracy,precision,recall,f1_score,roc_auc
0.9995019920318725,0.9991023339317774,1.0,0.9995509654243376,1.0
