accuracy,precision,recall,f1_score,roc_auc
0.9979477425167684,0.9960652591170825,1.0,0.998028751382278,0.9995829787685936
