accuracy,precision,recall,f1_score,roc_auc
0.9995495044549004,0.9994220766711617,0.9997109548126024,0.9995664948701893,0.9999691351893861
