feature,importance
frequency,0.5479419719479695
node,0.3658724371242027
total_messages_each_node,0.07576957837432513
total_message,0.010416012553502788
