feature,importance
monitoring_frequency,0.3517797692630428
node_id,0.23700507915489297
monitoring_total_messages_same_node,0.20452227409510704
frequency,0.14300747541050568
total_messages_same_node,0.045731589005243684
monitoring_total_messages,0.011966227919203846
time_elapsed,0.0020517509191862525
total_messages,0.0014041047428722884
mean_frequency,0.0013636328398194874
timestamp,0.0011680966501260448
protocol,0.0
payload_size,0.0
