accuracy,precision,recall,f1_score,roc_auc,Dataset,Model
1.0,1.0,1.0,1.0,1.0,MQTT,Logistic Regression
0.9995019920318724,0.9991023339317774,1.0,0.9995509654243376,1.0,MQTT,Naive Bayes
1.0,1.0,1.0,1.0,1.0,MQTT,Random Forest
0.9995495044549004,0.9994220766711616,0.9997109548126024,0.9995664948701892,0.999969135189386,UDP,Logistic Regression
0.9979477425167684,0.9960652591170824,1.0,0.998028751382278,0.9995829787685936,UDP,Naive Bayes
1.0,1.0,1.0,1.0,1.0,UDP,Random Forest
